Second,X,Y,Z
0.782868,0,0,0
0.830628,-0.4624201,-0.10880494,0.5032215
0.870179,-0.50021505,-0.38029432,0.41825676
0.910248,-0.55880916,-0.1452992,0.640007
0.950409,-0.72883284,-0.28679657,0.49661255
0.990174,-0.7344316,-0.12237787,1.27876
1.030335,-0.913442,0.021018028,0.44991302
1.069977,-0.80309045,-0.036198854,-0.001000404
1.114594,-1.2540486,0.13962626,0.60455227
1.150055,-1.3859491,0.20163369,0.5186615
1.190217,-1.419341,0.106209755,-0.026791573
1.230225,-1.7080138,0.36898756,0.40303326
1.270234,-1.705693,0.40337205,0.36682796
1.313141,-1.3357577,0.2754507,1.1160793
1.350068,1.0010598,-0.2957418,3.327118
1.395173,0.12546349,-0.8211069,1.2267904
1.430115,-0.08578265,-1.5851102,-2.9911327
1.470276,-0.6520778,-2.314733,-0.21441364
1.510071,1.4181118,-3.6313558,-1.6744614
1.550568,-0.57336265,-1.8888783,-5.0963526
1.589966,-0.14749965,-0.920416,-1.0734339
1.63028,-3.5290394,2.0757446,1.3486996
1.670411,-1.8648663,0.18203521,-0.7313471
1.710206,-0.6394508,0.49723554,0.86735344
1.750184,-0.55484396,1.0879313,-0.5241337
1.790253,-0.19909415,0.7910782,0.8323374
1.830475,0.51321465,1.2818378,0.7912054
1.871979,0.25877437,0.40365124,0.10946369
1.91095,0.47628087,0.7069092,0.5579405
1.951203,0.78089803,0.2618227,0.6086054
1.99112,0.9762272,-0.15858889,0.82444286
2.031037,0.9145415,-0.29005146,0.6604023
2.071045,1.6511717,-0.81253195,0.057053566
2.121003,2.0074406,0.29255557,1.7186241
2.161194,0.8292065,-0.30676103,0.16112041
2.200959,2.8976705,-0.7101215,1.1013403
2.240998,2.0155208,-0.8175082,-0.9530134
2.280976,1.5611808,-1.0171503,-1.76159
2.320954,1.2780108,0.008827448,-0.32951164
2.360993,2.2899866,-1.1748965,-0.48104954
2.401185,1.6499572,-0.51326394,-0.31582165
2.440979,1.2719653,-0.6523173,-0.03175831
2.48111,1.104545,-0.6265243,-0.79998493
2.520905,1.0177972,-0.7239791,-0.4835415
2.561249,1.0298324,-0.9039254,-0.24916458
2.601075,1.1046586,-1.084243,-0.81042767
2.641083,1.2281499,-1.6425047,-1.6225262
2.682038,1.5310907,-2.488587,-2.3509665
2.732422,2.2876067,-3.8555949,-4.2243123
2.77002,5.1862283,-3.1804376,-2.741879
2.820435,5.3670444,-2.5650122,-0.6327753
2.860138,5.83005,-2.1136477,-0.89500237
2.900544,7.1794643,-1.688445,-2.3155885
2.940186,7.3033905,-0.48571196,-3.984232
2.983155,5.2705584,-2.0080252,-3.2291594
3.030121,2.8059163,-3.1587455,-5.3214417
3.070527,-0.22802687,-3.7908192,-6.5102158
3.110718,0.49504566,-2.4378703,-4.512265
3.152405,0.15021515,-4.239932,-0.546957
3.190247,-1.8564477,-4.4745727,-4.699509
3.229981,-2.6977553,-4.1181183,-5.7816415
3.259949,-2.4124913,-3.566908,-4.7447433
3.290009,-4.0057273,-3.216233,-4.9960947
3.319977,-5.4496765,-2.4792376,-2.3980312
3.360077,-4.632371,-3.1220498,-1.0006893
3.400177,-3.858965,-2.919413,-1.5774709
3.440217,-3.427021,-1.6629009,-0.85916173
3.480256,-3.6225967,-2.3176923,-0.25312924
3.520234,-3.996017,-4.187178,-2.8393972
3.560334,-3.3649628,-4.269621,-2.550878
3.600525,-2.9463341,-1.4547229,-2.1249502
3.640076,-4.753998,1.1669011,-2.8736107
3.711152,-1.0981874,-2.991672,-0.1730561
3.773194,-0.16849089,-4.297573,-2.3377275
3.832551,-0.5136492,0.19031143,-0.96430564
3.872254,-0.12599683,0.29669857,0.49399507
3.91272,-0.8961332,0.6545696,-0.20113784
3.960053,-3.8650782,4.3082685,1.0759295
4.0029,1.118864,-3.4943647,1.1650532
4.050477,-1.5249094,0.27343273,0.1735363
4.095459,-0.005380154,0.43580437,0.48416466
4.142395,-0.9531988,-0.3621645,0.98023057
4.193238,-3.975172,5.042829,-0.11583412
4.241333,-0.27684188,-0.85645485,0.13472164
4.280762,-1.1305712,1.4901838,2.1772006
4.320099,-2.8502598,0.3997593,2.2764754
4.37027,-1.8296142,-7.6368027,2.8235831
4.410004,-3.7889228,0.3505993,1.6969384
4.44043,-2.968797,-0.7046709,1.5726893
4.481873,-3.2099054,-1.96737,1.5811849
4.533814,-1.0627046,2.1715918,1.2587279
4.582062,-1.4019027,-2.235673,-0.7217575
4.620881,-0.40248987,0.20406532,0.45447266
4.662079,0.8664595,1.0852747,0.1267482
4.701203,0.14813387,0.48908234,0.16585279
4.740326,-0.2681719,0.23004246,0.15673983
4.780243,-0.69725263,0.36900043,-0.4305411
4.820221,-0.60585225,0.17117691,0.21388662
4.86026,-0.2812047,0.21179676,0.033507705
4.901001,-0.13374305,0.13771534,-0.097265124
4.940735,0.2490117,0.07032108,0.07142985
4.980256,0.5318203,-0.052131653,0.16720426
5.0206,0.57446903,-0.13159657,0.09250522
5.060639,0.5576805,-0.07252598,0.17361462
5.110901,0.15269148,-0.07653141,0.18919694
5.150116,-0.3220961,-0.19397068,0.21408784
5.192597,-0.21279919,-0.099167824,0.3426751
5.230256,-0.104189515,0.026104927,0.25063467
5.271088,0.13430458,0.00357151,0.07266891
5.311005,0.22187704,-0.04728031,-0.1212368
5.350525,0.37526858,0.007652283,-0.15090919
5.390107,0.20776147,0.017654419,-0.24371147
5.430298,0.13511574,0.05077076,-0.19114614
5.470093,0.08481413,-0.015089989,-0.26305592
5.510743,-0.053420782,0.025036812,-0.22690427
5.550599,0.00889349,0.022435188,-0.16641772
5.59021,0.11169672,0.018912315,-0.17981744
5.63028,0.16221058,-0.025714874,-0.17490566
5.669953,0.14762485,-0.029118538,-0.18244684
5.710145,0.026190758,-0.0316,-0.19095874
5.747406,0.05576527,0.008048058,-0.12071192
5.78122,-0.07720095,0.008011818,-0.05405116
5.82071,-0.046132803,0.009243012,-0.11250889
5.860657,-0.013322055,0.011078835,-0.051265597
5.900147,-0.059375763,0.012804985,-0.03401649
5.940186,-0.020332456,-0.026906013,-0.019843698
5.980195,0.0218153,0.014403343,0.032152653
6.02118,-0.05626905,0.014271736,-6.05E-04
6.06009,-0.010782957,0.041009903,0.045452
6.100861,0.034964263,-0.027989388,0.006937385
6.140137,0.10731655,-0.029174805,0.006984592
6.180512,0.041915238,-0.030353546,-0.076405644
6.220124,-0.03943044,-0.07182789,0.003033638
6.260865,-6.88E-04,0.010437012,-0.039649963
6.299927,0.06382054,0.012248993,0.041406512
6.34137,-0.00860101,-0.025647163,-0.039609194
6.380524,-0.053617537,0.01848507,-0.07885349
6.430909,0.051693857,-0.019042015,-0.11645758
6.470368,0.049255133,-0.05732727,-0.07125485
6.512177,-0.020197809,0.026295662,-0.024022222
6.550232,0.04699242,0.027798653,0.024567962
6.590241,0.018785775,0.02895832,-0.048475504
6.630158,0.01743114,0.029509544,8.05E-04
6.672608,-0.02539444,-0.011782646,0.008112907
6.710175,-0.027545989,-0.012978554,-0.027205825
6.753144,0.079312444,-0.014856339,-0.02355659
6.790375,0.07756382,0.024235725,-0.08931494
6.840119,0.07536405,0.022824287,-0.019374728
6.881318,0.07206708,0.0489769,-0.017042518
6.920075,0.026302278,-0.020234108,-0.08189702
7.000031,-0.01481396,0.01778698,-0.071716666
7.041352,0.001695573,-0.025374413,-0.03516674
7.122284,-0.005817354,0.013682365,-0.08700788
7.160462,0.1123935,-0.028123856,0.11665404
7.200013,-0.039261162,-0.028130531,0.045249104
7.230988,-0.01284498,0.013272285,0.09375286
7.271454,-0.0810346,-0.026185036,0.015979767
7.310029,-0.012495458,-0.024327278,0.01637435
7.351227,-0.038428605,-0.022133827,0.0133636
7.390168,0.031854987,0.02103138,0.04935038
7.43042,-0.03330666,-0.017510414,0.002693176
7.480469,-0.0703727,-0.015205383,0.07780635
7.520051,-0.025859416,-0.013325691,0.0718925
7.560181,0.005087972,0.029047012,0.025531173
7.600953,0.049741983,-0.010645866,-0.048012257
7.680176,-0.013905644,-0.009903908,-0.02805543
7.720124,0.015527666,-0.009476662,-0.032198668
7.760743,-0.012006938,-0.05003071,-0.03266096
7.790741,-0.013331711,-0.00878334,0.009624243
7.83017,0.011372447,-0.007931709,-0.027149439
7.870331,0.0493598,0.03430462,-0.048885584
7.910157,0.04665798,0.035891533,-0.083922505
7.950409,0.04405135,-0.003714562,-0.01006949
7.990174,3.67E-04,0.037582397,-0.07252586
8.030274,0.03796333,-0.003876686,0.001219869
8.070405,-0.033749938,-0.005392075,-0.020425081
8.111695,-0.010136187,0.03333664,-0.05586493
8.151001,-0.040382206,0.031049728,0.09884524
8.180146,0.06645787,-0.011898994,0.10282445
8.220124,-0.016115725,-0.013993263,0.023628235
8.260193,-0.043310523,-0.015847206,0.1055882
8.300477,-0.042692423,0.023695946,0.021304846
8.331269,-0.08262342,-0.017958641,0.017317653
8.37024,-0.012688041,0.022759438,-0.016212821
8.410187,-0.077771544,0.023020744,-0.023563385
8.450562,0.035426497,0.023287773,-0.07122624
8.490815,-3.95E-04,0.023135185,-0.007941961
8.530152,-0.022577941,0.022294044,-0.07808578
8.570099,0.009079576,0.020638466,-0.009016514
8.610566,-0.17809594,-0.0634222,0.035402417
8.654816,-0.09310144,0.01565361,0.12240887
8.692444,-0.08911109,-0.027266502,0.045192957
8.730134,-0.042482436,-0.06917,0.12916791
8.790253,-0.03022945,-0.026585579,0.042892337
8.830201,-0.100254476,-0.064484596,-0.004981041
8.882294,-0.16941679,-0.017788887,-0.01640892
8.939515,-0.03261274,0.0583601,-0.17822176
8.985291,-0.29056954,0.14686298,-0.45716727
9.031098,0.10674274,0.06873417,-0.71220016
9.1055,0.3605513,0.25136566,-1.2038743
9.151459,0.563171,0.46971798,-1.7022748
9.207184,1.8151405,0.41469383,-1.6321965
9.27179,2.0041213,0.7682657,-2.545082
9.343842,2.0396795,1.4025688,-3.0283234
9.38205,1.7840022,1.684937,-3.1394787
9.457062,2.3047945,1.8418727,-2.9151607
9.510651,2.9326024,2.3265572,-2.7145844
9.562165,2.694563,2.1426082,-2.7307
9.633118,2.6814067,2.0060282,-2.2971373
9.671357,2.6020417,1.2256126,-2.706686
9.722321,2.8934712,1.3867154,-2.465733
9.784516,2.5747976,1.2156763,-2.8380775
9.820191,2.7606864,1.1955523,-2.110722
9.87027,1.3804646,1.0120878,-2.0692143
9.910828,1.4924674,1.7116127,-1.6041684
9.954499,0.60533476,2.0731335,-0.73862505
10.04068,1.7002635,3.2581677,-2.394535
10.092286,1.5447841,2.8455904,-1.5340366
10.141114,0.13349628,3.2782278,0.07685089
10.192017,0.025345325,3.260912,0.04909849
10.235352,-0.11953688,3.502754,-0.102894306
10.282319,-0.035072803,2.7015493,-0.13263893
10.3219,-0.1059556,2.2803063,0.117093086
10.366791,0.04900217,1.4657005,0.22723961
10.401642,-0.11621952,0.4943632,0.39469767
10.441224,-0.19521761,0.25633305,0.3620944
10.480378,-0.33126163,-0.18663722,0.34023905
10.520112,-0.24247694,-0.61931056,0.7279854
10.570252,-0.21209097,-0.68436515,0.08866644
10.610505,-0.7930007,-0.41181326,0.11387491
10.640778,-0.25805426,-0.3504413,0.102689266
10.680695,0.15981007,-0.41633198,0.39207792
10.720856,0.54011965,-0.45653188,0.5765033
10.760254,0.5080457,-0.5902655,0.38376665
10.800232,0.5720506,-0.17828673,0.34214067
10.840882,0.641984,-0.16967773,0.48938942
10.870789,0.39775705,0.027094364,0.36626244
10.911744,0.35603476,0.19404608,0.20988894
10.973267,0.15209007,-7.47E-05,0.10072756
11.020173,0.25244284,-0.024215102,0.19001675
11.068635,-0.015334606,-0.025682092,-0.09130716
11.11084,-0.073114395,-0.07579839,-0.19594717
11.151703,-0.071017265,-0.1548127,-0.15100336
11.194703,-0.21403122,0.027695954,-0.11913824
11.232209,-0.28903103,0.13312954,-0.22646332
11.270081,-0.25672817,0.13400596,-0.21550703
11.310914,-0.15823889,0.13725036,-0.15502977
11.353333,-0.1319952,0.030277312,-0.16986609
11.390992,-0.1435728,0.069874644,-0.101677895
11.430176,-0.07234955,0.10528183,-0.047028065
11.473328,-0.001717567,0.095320344,-0.047859192
11.510621,-0.01740551,0.08361137,0.042446613
11.551636,0.002217293,0.07013428,0.01879263
11.592041,-0.02513504,0.015337527,0.030332088
11.631409,-0.017126083,0.002152622,0.009176254
11.670136,0.027517796,0.03153014,-0.03012085
11.710511,-0.012578011,0.022304535,0.008947849
11.75058,0.027355194,0.015520811,0.005588532
11.79126,0.025613785,-0.029933512,0.070072174
11.830292,0.06445789,0.03530085,0.025990963
11.910187,0.09952545,0.007232249,0.020977974
11.954316,-0.029393673,0.006501198,0.016381264
11.990693,-0.10439491,0.00555712,-0.09688997
12.030732,-0.002808094,0.004218757,-0.019088268
12.070435,0.07256031,0.002643943,0.046235085
12.100281,-0.013798237,0.028414607,-0.023460388
12.140442,-0.016214848,0.026913226,-0.064166546
12.180146,-0.057739735,-0.001883447,0.005431652
12.220551,-0.12497997,0.0236516,-0.10091066
12.260071,-0.12247181,0.021806955,-0.015660286
12.300171,-0.049619675,0.019804955,-0.052087784
12.340668,0.0801878,-0.009601355,0.021208286
12.381073,0.04807043,-0.052642524,0.02666378
12.420075,0.015489101,-0.013570368,0.031548977
12.460145,-0.060007095,0.012733221,0.007874966
12.490693,-0.015105724,-0.014714837,0.010043144
12.570221,-0.015969276,-0.011587858,-0.03322935
12.610657,-0.016283989,-0.008994222,0.005576611
12.650147,0.025497437,-0.0885905,0.004274845
12.690705,0.027551651,-0.20899916,0.003834724
12.732605,-0.010816574,0.06678873,-0.15922451
12.776185,-0.11756086,0.34446698,-0.11671734
12.830201,-0.07426739,0.34888303,0.038285732
12.872376,0.038000107,0.22381407,0.018149376
12.911011,0.12413597,0.14375627,-0.014745235
12.950165,0.08808613,0.18965662,0.033845425
12.990235,0.009899139,0.15924609,0.040186882
13.030182,-0.03007555,0.09761894,-0.037409306
13.071106,-0.059228897,-0.018794358,-0.035699844
13.11023,-0.0352602,0.032115817,-0.076452255
13.150849,0.002448082,0.007372916,0.004883289
13.180146,-0.040522575,-0.05190152,0.004872322
13.220337,1.94E-04,-0.02174437,0.006000042
13.260132,0.042590618,0.001287401,0.007936478
13.301331,0.045118332,0.002149046,0.050951958
13.341126,0.006570816,-0.021479845,0.011705399
13.370148,0.008058071,-0.01760149,-0.028277397
13.410126,-0.032860756,-0.013436437,-0.028657436
13.490693,0.004667282,0.019352734,0.009824753
13.530579,0.002615929,0.022995174,-0.032090187
13.57132,0.002163887,-0.002485752,0.009422779
13.610596,0.002886772,-0.002269387,-0.029497623
13.650605,-0.03656435,0.024033427,0.014116764
13.690583,0.005960465,0.02243346,0.017074585
13.730713,0.007639885,-0.006730199,0.01964569
13.770081,0.049966812,-0.008716226,0.02133274
13.81128,0.05084324,-0.010535777,0.06260443
13.851136,0.009817123,-0.052699387,0.02077055
13.891724,0.008286476,-0.012271881,0.018340588
13.930115,0.005712032,-0.01168859,0.055724144
13.971558,0.002351761,0.01728779,0.010411739
14.010193,0.039842606,0.019566238,0.04649067
14.050293,-0.004099846,-0.046208918,0.04152298
14.081055,-0.006664276,-0.003451705,-0.00389719
14.121125,-0.04958248,-0.002035081,-0.04925871
14.160065,-0.010034084,-9.91E-04,-0.012294769
14.201569,-0.05108881,0.027003944,-0.05581045
14.240113,-0.009269714,-0.040619433,-0.01594925
14.280304,-0.007084847,4.79E-04,-0.015019894
14.320252,0.036787033,6.47E-04,0.028347969
14.360444,-8.91E-04,9.11E-04,0.031691074
14.400055,0.04256916,0.001293302,0.03483057
14.441041,0.00314045,0.001731157,-0.04482746
14.480469,0.04406786,0.029337227,-0.003257275
14.520142,0.042749405,0.002236068,0.037220955
14.560761,-7.28E-04,0.029206216,-0.004683018
14.601227,0.036550045,0.06922287,0.03479767
14.640625,-0.076395035,-4.50E-04,-0.007618904
14.680726,-0.0800724,-0.08455777,-0.1317606
14.72049,-0.014330864,-0.08720201,-0.010180473
14.760621,-0.082598686,0.21048337,0.13985538
14.800477,-0.012190819,0.14131165,-0.008677959
14.840699,0.18286419,-0.24121952,0.060790062
14.881562,0.3510518,-0.36547202,0.22438192
14.920136,0.08075571,-0.20226145,0.05886078
14.960999,-0.004644394,-0.19745946,0.09407711
15.000062,0.108419895,-0.26763052,0.017067432
15.041047,0.05303383,-0.09815836,-0.2668376
15.08014,-0.19467783,0.008599103,-0.20969296
15.124115,-0.31891108,0.37818617,-0.32498884
15.170228,-0.51786757,0.3628346,-0.42993116
15.230195,-0.70739317,0.5330795,-0.52386475
15.289338,-0.91650677,0.34336367,-0.537508
15.351075,-0.8189163,0.12989688,-0.6176839
15.406128,-0.81358385,-0.055088818,-0.33111048
15.466248,1.2236876,2.3416762,-3.1543283
15.511536,0.5925417,-0.023378909,-2.3045979
15.550141,0.45185995,2.0766604,-1.6128583
15.59198,-0.5843706,-1.1654644,-0.5076299
15.630249,0.02824831,-3.446577,-0.2893114
15.679169,0.15065575,-4.714895,0.7053366
15.725556,-0.86447763,-4.5482726,1.8045378
15.760132,-1.1992693,-4.854879,2.5755534
15.803681,-0.865633,-4.6837077,3.235476
15.846406,-1.5291543,-4.5718503,3.7036676
15.88205,-2.1084375,-4.0164804,3.8384728
15.940644,-2.4393585,-3.8008225,3.9985075
15.993287,-3.186915,-3.3341815,4.341582
16.040284,-3.0081854,-2.7720122,4.0945177
16.088013,-2.8294606,-2.7593298,4.948957
16.121125,-2.6884751,-2.1946592,5.714934
16.170197,-2.2418694,-2.7304487,4.573884
16.213807,-1.2173288,-2.2747517,4.526675
16.263093,-0.8822726,-1.7539082,4.7154117
16.301941,-2.1416504,-1.9493995,4.422265
16.34018,-2.6663437,-2.2733111,4.3577795
16.383088,-3.035217,-1.7080679,3.3663754
16.42035,-3.37996,-1.6559277,2.899339
16.468171,-1.7974772,-2.1198397,1.4089057
16.500672,0.8802843,-1.9225521,2.504275
16.541077,-0.2007057,-2.6702442,0.28924376
16.580689,0.42687672,-2.0583296,-0.49868476
16.621338,0.94320333,-1.1398745,-0.777554
16.660126,-0.803802,0.11876392,-0.7429131
16.700287,-2.4644053,-0.59027195,-2.0504515
16.756196,-0.5600743,-1.0045519,-0.48390138
16.79184,1.6846602,-1.1104355,-0.44832373
16.840455,3.4249113,-0.3033104,-1.171895
16.880249,3.9924002,2.342229,-1.7997743
16.925782,1.6517148,3.704534,-1.2701373
16.961762,-2.0134158,4.497471,-1.3534802
17.01001,-1.7908397,5.7124834,-2.3451257
17.055939,0.009997427,6.8462896,-4.3299603
17.09079,1.7417157,5.43715,-4.0794945
17.133332,1.878874,4.103678,-3.0071054
17.182679,3.964528,-3.476637,-2.3500786
17.241456,2.5066037,-9.698573,-7.6454077
17.286255,-4.075092,-4.02978,1.2712171
17.338044,1.1692274,-1.47615,3.180536
17.384156,-5.557626,1.9109344,3.7056901
17.430207,-0.46352208,-3.0664892,6.756512
17.472352,-0.47020185,-2.1074438,4.1021433
17.515748,-2.548659,0.6414614,4.227909
17.596314,-2.0894191,0.66785336,3.8627663
17.630982,-0.577612,0.032829285,1.2433746
17.672028,0.7357359,0.66759014,1.0181515
17.715302,-0.078167714,1.4808187,1.2325861
17.750214,0.05442962,1.0306005,0.7074114
17.793915,0.29448983,1.4101553,-0.79340637
17.830658,-1.2015246,-0.18158722,-0.089673996
17.870728,0.7797251,-1.772584,0.24892259
17.902619,0.23431168,-2.7206926,-0.8683901
17.940247,2.2465777,-2.896285,-1.6042527
18.046998,0.8900282,0.608675,-0.82835853
18.111817,-1.8476483,-2.5660362,0.40419555
18.151276,0.3843267,-1.1501827,-0.09144604
18.19394,0.004271746,1.9125137,-0.45390695
18.231476,-1.0218713,5.197629,-0.80672824
18.270112,-1.06622,5.85104,-1.4025589
18.321351,-0.6892871,6.0416846,-1.6372887
18.361786,-0.2915964,7.1151676,-1.7067771
18.400177,1.3525355,5.218443,-2.7497163
18.452881,2.6080167,-6.6117725,-6.000202
18.508332,2.8104258,-4.1630507,-7.298894
18.541749,-1.6823487,6.7470865,-3.6209164
18.584382,-1.1155202,-2.0484653,0.010594964
18.6297,1.2411369,-5.0141377,2.8732715
18.670289,-4.683098,2.5483131,2.23792
18.711304,-1.3220774,-0.46852207,7.356126
18.750763,1.7371516,-2.9233913,5.4378624
18.804841,-0.36460543,-0.974061,4.75872
18.851075,-3.1893132,-0.82291126,4.938444
18.892548,-1.2403377,-0.27911186,4.091489
18.93219,0.12654725,0.29141426,2.995407
18.970276,-0.07866594,0.5448551,1.8384802
19.010315,-0.8333972,0.38026047,1.0448401
19.060639,-0.55412436,0.627615,-0.32708955
19.11023,0.4036249,0.016896248,0.6514635
19.151185,-0.18824685,-1.0475435,0.23796177
19.190278,-0.66717595,-1.7718382,-0.8973707
19.23172,0.41313916,-2.227601,-2.0298567
19.270447,2.0899892,-1.3799152,-0.8232982
19.311615,-1.4686329,0.060321808,-1.3389617
19.355317,-3.9289052,0.23150063,-2.680161
19.401795,-2.346263,-2.0059586,-0.44643855
19.442658,0.11722581,-2.2596369,-0.65399325
19.482148,1.5707164,-1.040226,-2.347854
19.522187,0.023450911,3.4828968,-1.4608302
19.564698,0.6944048,5.3460464,-2.250667
19.6008,0.45537975,5.4892673,-3.090228
19.651856,1.0286505,5.4594774,-2.4590201
19.711823,2.4852233,4.3002744,-2.7814815
19.753296,2.8407097,-2.3943872,-5.295625
19.790192,1.5152915,-9.615629,-7.0785856
19.831269,-1.1419864,-2.8127956,-3.729512
19.869965,-3.5133164,1.7592793,-2.8931859
19.917695,-2.2157378,-1.7652335,-1.5630262
19.961152,1.9437975,-1.2815852,3.7516189
20.01059,-0.21684152,0.1472187,4.8612924
20.067109,0.53767043,-1.7363911,5.564459
20.11084,-1.3190179,-0.58004093,3.9023633
20.151856,-0.77592397,0.0324955,4.461402
20.192353,-0.5541625,0.1225605,4.543275
20.240235,0.73513335,-0.01862812,4.7376437
20.282807,0.15067592,-0.39676,3.3192081
20.320374,-0.7799884,-0.5292082,2.0682604
20.366486,-1.2916752,-0.5013733,1.5042076
20.408539,0.18971133,-0.68772507,1.0135853
20.46225,0.68474615,-0.19456959,1.4093375
20.500245,0.19919476,-0.22036266,1.2785478
20.540345,0.85002947,-0.74920464,0.43572044
20.584351,-0.27555978,-0.596632,0.10623741
20.620301,-1.4735615,-0.60736465,-0.44036436
20.661133,0.540476,0.053435326,0.513468
20.700287,0.87739086,0.6987362,0.9249463
20.740113,-2.0896063,1.8241668,0.38714528
20.780213,-5.0019503,1.9018683,-0.75834394
20.820282,-4.838699,1.0493555,0.0567286
20.860505,-3.193382,0.45362282,-0.35221887
20.900208,-1.8904757,0.107605934,0.05005479
20.952393,-0.50526834,0.2672472,-1.1789174
21.00058,0.9089374,0.44569302,-2.071176
21.040741,2.0250008,0.1587944,-2.6367168
21.091797,1.2945342,0.63651943,-3.0143833
21.214203,0.76128316,-0.29727745,-4.055997
21.270386,0.19557297,0.52275276,-1.198629
21.320008,-0.5042298,0.043805122,-1.9944208
21.360901,-0.6836766,-0.23612976,-1.6764047
21.401398,-0.59635544,-0.39860344,-1.5286732
21.458191,-0.76078737,0.41830635,0.40887237
21.509095,-1.0085981,0.3387556,1.1399915
21.551148,-1.3370259,-0.018980026,1.8131744
21.59079,-1.6562157,-1.9677954,1.8647405
21.652039,-1.1610346,-0.46568394,3.0846415
21.706421,-1.450979,-0.5984173,2.8655648
21.75113,1.7433946,-0.19540787,3.7638967
21.826111,2.3662586,-0.80884266,3.437419
21.882111,1.8739192,0.3865471,2.6224442
21.925629,1.8782463,-0.38219738,1.4906894
21.972504,1.7367245,0.07511616,1.0756383
22.02002,1.7432058,-0.37256622,0.7205583
22.060944,1.0121748,-0.32183456,0.016628742
22.100251,0.026533604,-0.1849184,-0.025843859
22.150086,0.89435595,0.12845325,-0.02880907
22.190156,1.4611595,-0.15570736,-0.29035664
22.230164,0.20024349,-0.056513786,-0.79862666
22.270691,-1.0071505,0.1793642,-0.56113076
22.311402,-0.291925,0.35861397,-0.16450572
22.352051,0.18969864,-0.36645508,-0.6030655
22.391236,0.14581269,-1.1246548,-0.63735557
22.431672,0.5351015,-2.6173258,-0.4503622
22.471711,0.7022428,-1.2045631,-1.2582581
22.511139,-1.504685,0.37909985,-1.2895821
22.562317,-2.341976,0.7350817,-1.8820722
22.611268,-2.1615636,-0.43340397,-1.1770887
22.652375,-0.12636659,-1.549159,0.13232279
22.716187,2.2988367,-0.43275928,-1.3191949
22.760865,0.56007427,2.4675245,-2.6369894
22.813202,1.0499983,4.0983157,-2.4109678
22.872132,0.5805104,5.4555726,-1.9362922
22.927918,1.1794039,6.322117,-2.7066336
22.972657,2.017207,2.5098715,-3.6051238
23.025879,3.413928,-9.353689,-4.4417157
23.07309,1.0767457,3.9418697,-5.9376364
23.110077,-0.36504903,4.9099913,-1.1774118
23.140229,-0.24362692,-1.6743298,1.812397
23.18216,-0.5300012,-6.62845,1.5852029
23.232178,-3.938625,0.61832047,1.741996
23.28006,-0.25776315,-2.1044998,6.8858747
23.320984,-0.30236095,-2.1216621,5.036572
23.363556,-1.6450915,-1.3905301,4.1017237
23.406312,-1.3001273,-1.1304026,3.8674216
23.451233,-2.432958,-0.23209953,4.302892
23.490326,-1.455661,-0.6376333,2.4928946
23.531678,0.351062,-0.9212055,1.3173603
23.570343,-0.8828618,0.23871136,1.1669774
23.617005,-0.102124274,0.013821602,0.49807727
23.65091,0.6360517,-0.028897285,-0.108175635
23.691254,0.60558873,0.20734692,-0.12803066
23.730225,0.7167566,-1.2970028,0.26088881
23.774445,-0.26360053,-1.9425211,-0.36691487
23.822846,0.69178236,-1.4536648,-1.464839
23.894837,-2.088417,1.9680367,-2.0714002
23.93686,-2.9514563,-1.3910341,-1.3187015
23.983307,-2.7847877,-2.6081047,-0.5260184
24.030121,1.5164049,-1.1683226,-1.3477285
24.070374,1.6978438,1.9883842,-0.36147547
24.12909,0.8846973,3.5995483,-0.7090203
24.20514,-0.66368735,4.960247,-0.79825807
24.242798,2.1901584,5.3970075,-2.4525661
24.291169,3.321814,2.8711867,-3.9939995
24.332001,6.057827,-7.350518,-4.3334937
24.380982,4.8918014,-6.180688,-6.6212482
24.429474,0.059698656,0.4862795,-6.9862266
24.473145,-3.9518576,-2.3367949,0.63161737
24.530182,-1.007908,4.345632,3.5050802
24.570252,-0.6075499,-3.5014477,6.2240143
24.620118,-1.6184607,0.27543736,4.420519
24.662781,-3.391213,0.7089243,3.7988555
24.713501,-1.2418565,0.2638836,4.6331177
24.771882,-0.49508554,0.6142378,4.0946283
24.810486,0.039385304,-0.43644142,1.684665
24.852265,0.66338366,-0.032359123,3.0005817
24.900666,-1.1905627,-0.7293272,0.99592435
24.940186,-0.6103012,-1.9123831,0.003412366
25.000245,0.51211065,-1.5983238,0.262506
25.040467,0.09219307,-1.8976641,0.847558
25.08075,0.97777474,-2.3459435,0.92205787
25.120881,-0.014475882,-0.61823463,-1.0912406
25.160798,-0.32423103,1.2229872,-0.96804285
25.201142,-1.0790063,0.4349184,-2.0958335
25.240174,-2.3215523,0.22863197,-0.71228075
25.286866,-1.1932682,-0.3121624,-0.11183977
25.330201,1.0429095,-0.572031,-1.6365511
25.381165,1.3520435,2.3079548,-1.6702675
25.420746,0.59209836,4.3494315,-2.019148
25.460999,1.2397738,4.0023594,-2.2772734
25.521454,1.7906113,5.006095,-2.3998165
25.561158,2.0599864,5.163269,-2.7533348
25.605988,2.2247062,2.156424,-3.5949268
25.663575,1.0997037,-9.257498,-5.187987
25.709168,0.33680278,-0.16943502,-4.675163
25.762391,-1.1669217,-3.6872587,-2.3176012
25.815156,0.5570998,3.019041,2.962821
25.859009,0.6993492,-1.7765203,6.1605844
25.931855,0.04202783,-3.1607218,5.1491294
25.972474,-3.5855167,0.29467964,3.8883562
26.014588,-2.355753,0.21570778,3.8820982
26.053437,-1.5399231,0.5637636,3.274727
26.103364,-1.5719552,0.38322067,2.4860573
26.151398,-1.6621466,0.16560078,1.0608315
26.200593,-2.5059712,0.54601955,0.9293854
26.24823,-2.1599205,-0.1626606,0.4859258
26.295319,-0.2997716,-0.23605824,0.23108077
26.336792,0.9561156,0.112464905,0.69577694
26.385254,2.3346264,-2.4017563,-0.4899404
26.426545,3.1106677,-2.5261955,-1.6627238
26.491333,1.8636655,-1.6001415,-1.1233058
26.53122,0.7034523,-0.7407398,-1.8752495
26.581452,-0.24854815,0.5580826,-0.1903708
26.620759,-0.6083502,0.5887079,-1.6515529
26.664979,-0.9524731,-1.6249008,-0.85603976
26.70102,1.7735171,-1.2932034,2.2732096
26.741944,1.25286,-0.8130045,2.159
26.784485,-0.31027016,0.18809032,0.7835978
26.831177,-1.4739925,2.516407,-0.23118412
26.87436,-1.7042445,3.318297,-0.56101155
26.911133,-2.2561061,4.198094,-1.7953982
26.951691,-1.4352416,5.371431,-2.6280303
27.000977,1.0232762,6.0091395,-3.2475076
27.044526,3.604625,2.064489,-3.0479383
27.081238,5.1548324,-6.500081,-3.860253
27.12024,3.678016,-3.246297,-4.5291452
27.150269,-0.24552774,-0.5158653,-5.057311
27.192261,-1.9469544,-6.4723024,-3.1956933
27.245209,-1.41152,4.8543186,0.89381367
27.299408,-0.093551725,-1.3252888,5.8978233
27.340394,-3.0656543,-3.5879679,2.3186364
27.381684,-4.952724,0.5102024,3.1502876
27.430024,-1.8810577,-0.41372013,6.3848996
27.478699,-0.28941238,-0.87750626,5.1938124
27.511139,1.3465844,-0.1994276,3.7862701
27.550049,3.6042085,0.09778881,3.078043
27.591645,2.2804313,0.4827938,1.9798532
27.64029,1.0426873,0.9824114,0.43551826
27.683381,0.48023885,0.48325348,0.18387914
27.720643,1.4464254,-0.10964966,0.58846116
27.760468,-0.030757546,0.03424549,-1.7990512
27.800263,1.1694529,-1.6734705,-0.014759779
27.850678,0.75566113,-2.4886036,-0.36213326
27.896058,0.39848408,-1.0735731,-2.098248
27.937012,-1.8581874,1.6314039,-1.4858377
27.970704,-2.980136,-0.8016119,-1.9071629
28.023865,-0.9695042,-3.4058886,-0.065258265
28.060822,-3.3025064,-2.8039904,0.7071378
28.10019,-2.7667866,0.16954422,-0.6965046
28.140381,0.5242709,2.6196814,-1.225678
28.180115,0.7650763,3.300983,-2.4114907
28.220673,0.4466818,5.0706673,-3.2324023
28.262452,1.0828335,5.9876404,-2.9899533
28.30423,2.7508364,5.142635,-2.0192533
28.340333,3.4665253,3.219965,-4.1796656
28.391724,3.8196971,-2.0621643,-6.8131676
28.439576,1.1868744,-8.636085,-7.6267414
28.484162,-2.1731606,3.4265313,-4.390522
28.524964,-5.0732865,1.6039248,-2.0334086
28.601319,2.1004906,-0.49328518,4.9715595
28.654603,-1.2780758,0.035274506,4.9795456
28.692627,-0.34907305,-2.0063686,6.6075606
28.742066,-1.4082146,-0.03281212,4.895179
28.790162,-0.21293318,-1.8184929,5.056896
28.836884,1.9007578,-1.8405972,4.8145995
28.883149,1.8656564,-0.86758614,4.1766562
28.920319,-0.464625,-1.0845032,1.9120505
28.965058,0.057578564,-1.1049929,1.3608702
29.01117,1.6000477,-0.2759533,0.5344759
29.052948,1.5691125,-0.5526066,-0.04254484
29.09018,1.4661145,-0.448205,-0.6420214
29.131531,0.2517462,-0.75673103,-0.3803649
29.170166,-0.061740786,-1.3983192,-0.6424186
29.210328,-0.3544439,-1.3420486,-2.0644763
29.250123,0.5993351,-1.1310759,-1.9940443
29.29361,-0.486835,1.0641146,-1.4728247
29.330628,-3.1604614,0.78126717,-2.147797
29.378418,-2.928358,-3.1337013,-0.6484864
29.421692,0.47975987,-2.4692554,0.5516815
29.46344,-3.24181,0.4999218,-1.7478106
29.50058,-0.97903943,3.397626,-1.5490807
29.540192,0.5900073,2.4042315,-1.5738076
29.581025,1.1943412,3.1181164,-1.6592319
29.622681,0.9152793,5.5555606,-2.045515
29.661469,1.8371472,5.5109744,-2.082418
29.701935,1.224475,4.581217,-2.7876368
29.741822,2.260951,-0.5490799,-4.79371
29.782654,4.8659916,-8.956226,-5.712058
29.823273,2.7820277,-4.7911673,-4.529474
29.871247,-3.5897613,5.4326916,-2.0133896
29.920014,-3.6207416,-2.1847162,1.2277033
29.972138,2.022122,-4.2289743,3.1214528
30.040619,-3.3169343,0.29144096,3.8366334
30.091858,0.31057844,-0.5296259,5.2989664
30.140229,0.27225032,-0.635375,2.919063
30.186524,1.2529553,0.30062008,3.2273965
30.220276,1.8521572,0.84618187,3.8817606
30.266938,-0.3870995,0.80962086,1.5309925
30.300629,0.11712557,0.94568634,2.4852862
30.340241,0.6549121,0.6187649,1.6163911
30.391938,0.5078884,1.4842672,0.1369816
30.433411,0.21676734,-0.058502197,0.44136024
30.471436,-1.8037269,0.44946957,-0.061247587
30.515809,-0.7862885,-0.30004692,0.7372992
30.551728,-0.32820517,-0.8370676,-0.33404708
30.591614,1.1762596,-1.6417532,-0.7411847
30.631836,0.6770219,-1.4475288,-1.1302881
30.672089,-1.4837022,-0.09466934,-1.907006
30.710389,-2.996024,0.47587776,-2.952648
30.761048,-1.4731647,-1.9650345,-0.8322457
30.800629,0.48051685,-1.9804821,-0.39352584
30.840821,0.8360221,-1.0857105,-1.3913263
30.870636,1.0027746,1.8010159,-1.960591
30.910706,0.8319235,3.150762,-2.1343277
30.959992,0.1285243,3.6231256,-1.5933602
31.00351,-0.05941081,4.733261,-1.7299919
31.050141,1.2958459,5.1671166,-2.0008917
31.090302,2.2743843,2.467928,-2.169602
31.140625,3.9537606,-4.8133326,-3.8269534
31.194397,2.8968654,-6.453809,-3.8308356
31.241333,-1.0274715,-0.493124,-3.7408333
31.285584,-2.9015045,-2.4660673,1.1727262
31.330231,-0.037865862,0.5070772,2.0950067
31.372864,-2.029931,1.5023994,4.1525784
31.434632,-1.3947263,-0.70081425,4.7359047
31.481781,-1.2300445,-0.5584383,4.10509
31.550263,-1.0655835,0.5326433,2.3863947
31.59137,-0.626735,0.8027277,2.3248491
31.631348,-0.22201845,0.6283817,2.797822
31.683136,1.5008547,0.07605457,1.7930677
31.720246,1.8933687,0.09311962,0.08072138
31.761475,1.3872957,0.50808144,-0.5138253
31.810151,0.9732316,-0.10348606,-0.724936
31.86023,0.5375531,-0.3972063,-0.2539053
31.900239,-0.36486596,0.2835102,-0.68797255
31.949921,-0.62909734,-0.34570217,0.2324152
31.980286,-0.48784637,-1.2366934,1.2458405
32.020112,-1.3963306,-1.9869938,0.8400631
32.050293,-1.0329503,-1.0080185,0.25839686
32.080658,-0.66346294,-0.037677765,-0.1976633
32.121491,-0.18236002,0.31790257,-1.0748124
32.160218,-0.1511877,0.5262337,-1.0091678
32.201874,-1.1452327,1.4667311,-0.98852634
32.240174,-0.835147,0.19897175,-1.7252377
32.28302,-0.64011407,-1.6193819,-1.1797624
32.326813,0.8400419,-1.147768,-1.085254
32.415955,0.6128431,2.4335995,-2.7555535
32.479889,0.73904896,2.8766642,-1.972144
32.545899,-0.050176322,1.5326405,-1.3322738
32.592316,-1.4974651,-0.75783825,-1.3853118
32.630127,0.16044867,-2.182746,-1.4828587
32.684815,-3.578039,0.64331436,0.4571783
32.741089,-3.3486836,0.80074835,-0.24074578
32.782746,0.7217354,-1.8578634,3.1178057
32.840424,-1.3450269,-1.5022831,1.5514457
32.883484,-0.84401727,0.453825,1.5537393
32.942475,0.015077591,-0.40980816,2.594137
32.98996,1.1916177,-0.35304546,1.8094211
33.032349,1.9245824,-0.45286083,1.3017735
33.08017,0.9407181,-0.086722374,1.3769789
33.12146,0.52454185,-0.10550785,0.9330386
33.167298,0.21009111,0.015020371,0.14935946
33.202668,0.13517916,-6.70E-04,-0.70145875
33.240204,0.17728972,0.055078506,-0.8142995
33.280243,0.3939525,0.13032246,-0.5914359
33.320221,0.0511173,0.0909605,-0.33077645
33.364014,-0.1099602,0.27765465,-0.23547375
33.400452,-0.12060261,0.052355766,-0.2302233
33.441376,0.50814414,-0.2318697,0.30492437
33.499268,0.046025276,-0.058602333,0.5906751
33.533997,-0.9867835,0.11959934,0.8494936
33.571534,-1.3256979,0.3861761,0.4578675
33.611359,-0.43276,0.22174835,0.21436322
33.65091,-0.19127285,0.0708313,0.35829854
33.690186,-0.406574,0.10643673,0.28967643
33.730958,-0.38571703,-0.013696671,0.020032763
33.770447,-0.31559575,0.18893147,0.17606807
33.811463,-0.3244815,0.17105675,0.30194008
33.849976,-0.36551428,0.15279198,0.061083555
33.890839,-0.11310828,0.10671997,0.06572604
33.930115,-0.018958807,0.087984085,-0.122642875
33.973298,-0.015095472,0.028064728,-0.13780105
34.010468,0.060013056,-0.07086849,-0.14558113
34.050507,-0.07998192,0.06412697,-0.29538858
34.090638,-0.025471687,0.09348488,-0.28772223
34.129975,-0.0872463,0.017187119,-0.19106078
34.183869,-0.059770226,-0.02919197,-0.13402879
34.223694,-0.05963099,0.03488159,-0.062014937
34.260468,-0.05787766,0.031829834,-0.1409117
34.300141,-0.012638807,-0.038663864,-0.07164204
34.340943,0.03492403,-0.040564537,-0.087132454
34.384583,0.042857528,-8.98E-04,0.002593517
34.421021,-0.03207302,0.02598095,0.01956153
34.463074,0.013508201,-0.08226013,-0.0361861
34.501832,-0.02481842,8.98E-04,0.012832642
34.540162,-0.051252604,0.002919197,-0.023372293
34.580231,-0.051397324,0.005414963,0.04664743
34.666626,-0.04963839,0.009716988,0.08309877
34.700104,-0.046868086,-0.028392792,0.03804493
34.748353,-0.012833715,-0.027858734,0.03207493
34.780732,-0.03276038,0.04014206,-0.001156449
34.820221,0.04356563,-0.028429031,0.060354114
34.860047,0.010606766,-0.028875351,0.053670406
34.900239,-0.051065207,-0.028982162,0.006372571
34.950135,0.062066913,0.012704849,0.040616155
35.002106,0.14517105,-0.026265144,0.03424251
35.040162,0.10357404,-0.10586643,0.06971443
35.080262,0.14057183,0.019281387,0.023980856
35.120636,0.13305354,-0.05919838,0.06005597
35.160309,0.040388703,-0.014431,-0.053798556
35.200043,-0.014089584,-0.010044098,-0.03138411
35.280182,-0.06606877,-0.002315521,-0.06314206
35.32016,-0.12305701,0.04401779,0.003635049
35.360138,-0.12972045,0.047189713,-0.062039375
35.400605,0.0223459,0.048023224,-0.09730816
35.440705,0.07204449,0.005784988,0.019274116
35.48108,0.043316722,0.043380737,-0.040189266
35.520569,0.014032841,0.038916588,-0.031672
35.560212,0.022463322,-0.047870636,-0.06485224
35.601044,0.026545048,-0.052865982,0.009869814
35.640351,0.06754148,-0.015928268,-0.09350145
35.681427,0.02338314,0.02287674,-0.047691464
35.720093,-0.022730827,-0.059020996,-0.042992115
35.811127,0.004970789,0.029070854,-0.07228768
35.850708,0.037577152,-0.006906509,-0.06268227
35.890137,0.11556852,-0.003343582,-0.05371368
35.930146,-0.007778645,-9.88E-04,-0.044760704
35.970215,0.033249497,3.59E-04,0.07309544
36.010224,-0.007956743,9.59E-04,0.01318872
36.050232,-0.009315491,0.001068115,-0.061955333
36.08017,-0.011045098,0.001003265,-0.016348124
36.120026,0.068365216,7.66E-04,0.027110338
36.16269,0.02489078,4.62E-04,-0.053631783
36.200165,-0.018598557,-0.0406456,-0.012475252
36.230011,-0.021075845,0.040953636,-0.05313909
36.260041,-0.064214826,1.28E-04,-0.05271721
36.300202,-0.025205016,3.52E-04,-0.010524988
36.343567,-0.06666255,5.72E-04,-0.048742294
36.381104,-0.024908781,-0.040169716,-0.086156845
36.420441,0.059471726,0.041633606,-3.49E-05
36.460083,0.022467494,8.93E-04,0.005179286
36.490113,-0.014772058,0.041843414,-0.030662417
36.530182,-0.011727095,-0.0399971,-0.025496244
36.573639,0.03111589,4.31E-04,-0.061356187
36.61258,0.032058597,-0.040905,-0.016004324
36.650971,-0.0088588,-2.48E-04,-0.01187098
36.690705,0.071805954,9.35E-05,-0.007946014
36.730042,0.06983805,-0.039842606,-0.04516363
36.770295,-0.01487422,0.002471924,-0.04178965
36.841126,0.019140124,0.005589485,0.003969193
36.880158,0.05431831,0.008091927,-0.032583594
36.920289,-0.031968594,-0.030954361,-0.028485894
36.960083,-0.03550172,0.011075974,-0.024532199
37.000245,-0.037907243,0.011762619,0.020150423
37.040162,-0.038898468,0.012098312,-0.017166495
37.070466,0.002032995,-0.02864647,0.026636958
37.1503,-0.032996893,0.011728287,-0.011706948
37.190278,-0.028072834,0.05239868,-0.01037848
37.230225,0.016908288,-0.029245377,0.030705333
37.270234,0.020282269,-0.06996536,0.07092869
37.310883,-0.05886686,0.012033463,0.21912122
37.350251,-0.27477896,0.053557396,0.215734
37.392731,-0.27179646,0.08176422,0.29008532
37.430848,-0.45640755,0.054977417,0.27821302
37.470124,-0.3757527,0.08124733,0.40975606
37.513245,-0.5833812,0.05058956,0.3822043
37.550354,-0.23799086,0.15436554,0.49922812
37.596253,-0.46191835,-0.1943779,-0.07661855
37.632691,-0.2604016,-0.13463211,-0.3942939
37.671479,-0.35505295,-0.25047398,-0.7367085
37.710206,0.040977716,-0.33484745,-1.0812298
37.751526,1.3600264,-0.20723534,-1.428563
37.794159,2.894631,0.48809338,-3.043451
37.831757,1.5501872,1.8947134,-2.4373746
37.87735,1.8361578,0.826787,-3.6518006
37.912049,2.2149544,-0.21970654,-3.9127517
37.96814,2.7267642,0.5497713,-3.1174088
38.021363,2.187301,1.9420018,-3.9464817
38.092011,2.6185446,1.920629,-3.7372432
38.145173,2.1289012,2.2965603,-2.5801506
38.18219,2.282101,2.6253023,-3.5999563
38.240967,1.6758173,2.4826112,-2.2278829
38.32074,3.6887908,2.480801,-2.7417912
38.361268,1.694752,0.5350156,-3.394991
38.411774,2.4475996,0.60998154,-3.2122674
38.472748,1.410466,0.09985876,-2.672913
38.511384,1.8480177,0.8617902,-2.7777448
38.556489,1.3828058,1.6262763,-1.8547854
38.613251,1.8286126,2.3772936,-2.263198
38.671021,1.7990975,3.853582,-2.3959627
38.711152,1.0480156,3.2379766,-1.3765898
38.751648,0.22281218,4.056889,-0.014924049
38.804169,-0.06318283,2.9081373,0.001935959
38.843506,-0.340878,2.368016,-0.19431305
38.881104,-0.5515814,1.7044646,-0.24778652
38.933991,-0.70508766,1.2204928,-0.193614
38.99115,0.104771614,1.9498478,1.2128649
39.03241,-0.36001444,1.9019172,0.60341597
39.070282,-0.41159868,0.8705643,0.73541164
39.110322,-0.26131487,0.53406745,0.46207952
39.144837,-0.23603487,0.038466692,0.3794799
39.181946,0.28833818,-0.6157936,0.18789387
39.220185,0.44935513,-0.68526846,0.38366508
39.26297,0.3362522,-0.83369946,0.18115473
39.301819,-0.027958393,-0.54502445,0.10981989
39.340363,-0.15329123,-0.61036086,-0.058213234
39.370759,0.065728664,-0.40897793,-0.022293568
39.410462,0.082387924,-0.31030887,0.09621763
39.450623,0.095436096,-0.32948077,0.03705311
39.490235,-0.09344101,-0.12807119,-0.012392044
39.530213,-0.14053583,-0.07088184,-0.12358713
39.570374,-0.04395914,-0.12413955,-0.12197161
39.607575,-0.048908234,0.049845934,0.11337042
39.640534,-0.007352829,0.003560424,-0.00438261
39.670319,-0.043815613,0.067165375,-0.04024315
39.710663,-0.034352303,0.034265876,-0.06223011
39.753907,-0.022375107,0.07194841,-0.02998972
39.790162,-0.011433125,0.064468145,-0.05276966
39.832825,0.079423904,0.09439707,0.101418495
39.870667,0.004087925,0.08312714,0.023517609
39.910157,0.007298946,0.03118372,0.026242733
39.964539,0.006104946,0.05976975,0.067290306
40.000885,0.003874779,0.008526683,-0.015724659
40.040741,0.001020432,0.04057932,0.022036552
40.080567,-0.001783371,-0.048386693,-0.050296783
40.120911,-0.004079819,-0.013107061,-0.027422905
40.162842,-0.005605698,0.024059534,0.010010242
40.200776,-0.00637722,-0.018767595,-0.059947968
40.240021,-0.006435394,0.021609426,-0.032717228
40.281189,-0.005892754,-0.018710732,0.010011196
40.32013,-0.005015373,-0.0585922,-0.054970264
40.364167,0.036937714,0.024497032,-0.023447514
40.400086,-0.003017426,-0.01485014,-0.019137383
40.480103,-0.002958298,-0.011606693,0.0694356
40.520051,-0.003291607,-0.009198666,-0.007811546
40.561158,-0.044816017,0.03331065,-0.033192635
40.600251,-0.004562378,-0.006547451,0.034758568
40.640473,0.036108494,-0.006166458,0.033245564
40.680146,0.07719755,-0.006273389,0.07185745
40.724823,0.03641224,0.034128428,-0.012954235
40.760071,-0.005117416,0.033591032,0.06544447
40.808289,-0.007741928,-0.008203149,-0.020676136
40.850525,0.029722214,-0.009492874,-0.025109291
40.89209,-0.014594555,-0.05183494,0.011847019
40.930024,-0.01753807,-0.012153268,0.049792767
40.989258,0.021149158,-0.012026787,-0.033706665
41.030121,-0.020873547,-0.010977507,0.005889416
41.110047,-0.019664288,-0.006464958,-0.03572464
41.150116,0.022538185,-0.043697715,-0.035728455
41.190888,-0.05765629,0.040888906,-0.034595013
41.231141,-0.015114307,-0.038597584,-0.032258987
41.27295,-0.01316452,0.00396657,0.012116432
41.351227,0.031454086,0.005509138,0.01915598
41.390076,0.07500267,0.006654501,0.06479931
41.431794,-0.005524635,0.007457614,-0.04214716
41.47052,-0.046727657,0.04873407,0.025696754
41.512482,0.033199787,-0.033143878,0.06433582
41.554047,0.030800343,0.047799468,0.020115852
41.590851,-0.012352467,0.005754948,-0.051691055
41.630372,0.02643013,0.044980884,0.012587547
41.700104,0.023881912,-0.040228724,0.008388042
41.750733,0.021497726,-0.002478957,0.005988598
41.790345,-0.021653175,-0.004730463,0.04570341
41.830262,0.016898155,0.03487587,0.0860796
41.871094,-0.02614212,0.034427166,-0.037174225
41.910035,0.012957573,0.03420663,-0.038562775
41.950196,0.011771202,0.033592224,2.51E-04
41.990113,0.011116028,-0.008700609,-0.042616844
42.03122,-0.030056477,0.029786468,0.037807465
42.070313,-0.030163765,-0.054801583,-0.003426552
42.112732,0.010919571,0.0239681,0.03787279
42.151581,0.011518478,0.021605968,-0.002388954
42.191346,0.012420654,0.020017266,-0.042909622
42.230561,0.013305664,0.018977642,0.038794518
42.271241,-0.026987076,0.018100023,-0.002338409
42.31009,0.014039993,0.01706791,0.078927994
42.352204,0.01384449,0.042813778,-0.003708363
42.39209,0.013429642,0.013592482,-0.0733099
42.430146,0.012818813,-0.029669404,-0.0478487
42.47052,-0.06973076,0.008478642,-0.049192905
42.510285,-0.0704546,-0.15738118,-0.15808487
42.550324,-0.07038498,-0.03602767,-0.04674101
42.590607,-0.027871132,-0.035108566,-0.04151106
42.631348,0.057427406,-0.031586766,0.00722456
42.670716,0.06216955,0.08279812,0.057173252
42.710389,0.09401178,0.020875216,0.10670614
42.750306,0.096832275,0.026285172,0.15387964
42.793244,0.096161366,-0.011232257,0.07394743
42.840088,0.063295364,-0.16023862,-0.012389183
42.880677,0.013767242,-0.05132234,0.060846806
42.920105,0.00320816,-0.009773254,-0.03144121
42.966828,-0.049634933,-0.006682754,-0.0023489
43,-0.018648148,-0.002788544,-0.011940479
43.049012,0.08350468,0.04376626,0.06318331
43.097657,0.039123535,0.008182406,0.10034466
43.147492,0.037369728,0.011346221,-0.024708748
43.182801,-0.114076614,-0.028178215,0.054457188
43.222046,0.03375864,-0.06952894,-0.030705452
43.261597,0.004539013,0.05167198,0.08766842
43.300965,0.030245781,0.009483337,-0.0802989
43.343171,-0.07968998,0.11746967,0.11950207
43.381104,0.15131712,0.075520515,-0.2792859
43.426514,-0.12136793,-0.07667482,0.031822205
43.460267,0.10981989,0.11087811,0.14054966
43.500214,0.2995038,0.06553471,-0.11575985
43.540253,0.37821388,-0.15780044,-0.002809048
43.580048,0.18000841,-0.09512639,0.12401819
43.620301,0.20634413,-0.13978398,0.15463495
43.662659,0.3330245,2.309554,0.31868172
43.704224,0.34393835,-2.2187386,0.0827322
43.740754,-0.001944065,-0.96422863,-0.15804958
43.780213,0.003368378,-1.4253237,0.5082369
43.821625,-0.49494696,-1.19924,0.4887867
43.860596,-0.06017065,-0.54576755,0.016287804
43.903809,0.5772629,0.3440485,0.28650475
43.942749,0.026513577,-1.5359068,0.2542472
43.984925,-0.31316662,-0.44532764,-0.16215229
44.022645,-2.1891534,0.85791886,-0.0452981
44.062043,0.0833478,0.2694999,0.38900185
44.101258,0.9548807,0.5016062,0.365808
44.1409,0.8467488,0.55003536,0.006063938
44.182953,0.3176093,1.251971,0.47752953
44.2211,1.3368711,0.8843236,0.8383217
44.26117,1.3977647,0.46681106,-0.4138441
44.303345,0.73437023,1.5273098,-0.51569223
44.340119,-0.027635574,-1.8775808,-1.0927963
44.380341,-1.2152739,-0.5336622,-0.9093127
44.420136,-1.712805,-0.17905581,0.38686466
44.464142,-3.0249786,1.3851483,0.080459595
44.500123,0.49917936,1.3592087,1.732861
44.543213,2.8583126,2.414236,-3.5431352
44.580628,-0.14913034,3.3603086,2.4362383
44.622803,2.4910717,-0.36327934,-0.97779083
44.666932,0.56636477,-0.8479589,0.37947607
44.715516,1.1154871,1.2093576,0.96061563
44.758912,0.4083805,0.06356335,1.3488417
44.801209,0.83557606,0.9856738,-1.5935831
44.842804,0.20452118,-0.24249351,-0.3454051
44.89676,-0.17704916,-1.3466116,-1.5417032
44.969269,-0.35432005,-2.6698976,1.0382981
45.002198,-0.15771627,-1.4010491,0.71086407
45.062348,-0.05370474,-1.1262624,0.4585848
45.111176,-0.6656227,-2.469655,1.1358123
45.153992,0.12725306,-2.803235,2.5241823
45.200104,-0.3812518,-1.6129962,-2.7365832
45.230988,1.9332318,0.27273047,1.3520446
45.2706,1.3851314,-2.2788815,1.7846937
45.310212,2.5903015,-2.9748816,0.69222355
45.340241,3.1393585,-0.6933603,-1.6855407
45.370209,2.1097908,-2.3594074,0.46863413
45.417054,-0.47918653,-3.1184433,3.16781
45.450257,-2.2856703,-5.770398,11.422412
45.492493,-2.809418,-4.3624096,12.692301
45.530243,-4.796581,-1.2628491,14.637984
45.570343,-6.0466275,2.5315113,16.771408
45.614472,-7.7581773,4.6013546,14.959482
45.651276,-7.853429,3.981071,13.5986595
45.690461,-6.2795186,1.9611127,10.328219
45.730286,-6.231017,3.6172662,8.377499
45.760315,-5.834129,3.742683,6.041545
45.790497,-7.0260444,5.747596,6.1608505
45.830567,-4.3096123,2.8532398,4.76615
45.870209,-0.042549133,1.3007178,3.8702893
45.900208,0.95028293,2.9450471,4.0842905
45.930115,2.8749943,1.7664937,1.9457035
45.960145,4.9890113,0.74718606,-0.1341238
45.990143,4.765347,-0.6053922,-0.22426605
46.020173,4.0681696,-0.26557612,-2.3159943
46.060212,3.828429,3.363635,-1.2862844
46.089936,5.252044,3.2988675,-0.35320568
46.120301,4.53128,1.2710469,-0.95934486
46.149964,4.1201606,2.0947764,-2.9913468
46.179963,3.6726952,1.447077,-0.514205
46.210114,2.290104,1.4796057,1.6745386
46.240113,1.8556246,3.4235215,0.7225332
46.270112,2.1926904,3.391151,0.10930538
46.330781,0.658154,1.8135122,0.04057789
46.370118,0.024728537,0.2003684,0.2935686
46.399994,-0.39267707,1.231981,0.73088264
46.448273,-0.2896757,2.1376755,0.7016163
46.490296,-1.3802288,3.554093,0.018064499
46.551484,-1.9025148,0.838222,0.3088436
46.601441,-2.1114902,-0.025484562,-1.0326128
46.670105,-2.8035202,-1.2761579,-0.177392
46.712342,-2.5016427,-0.9639622,0.017224312
46.751648,-2.1204188,-0.76181066,-0.26394844
46.790711,-1.7085643,-0.2168014,-0.1338892
46.88675,-0.7191085,1.0505009,-0.38651466
46.97995,-0.01120466,0.7727442,-0.1979599
47.020142,0.13837194,0.9603083,-0.03881836
47.05011,-0.7163079,1.2320261,-0.025810242
47.088227,-0.4101482,1.5739017,-0.2646904
47.170136,0.4118744,1.4555314,0.3616352
47.220154,-0.027404696,1.500989,-0.77293015
47.32016,-0.59454507,1.539809,-0.91316795
47.350159,-0.40682742,1.3473167,-0.7138052
47.380127,-0.21201015,1.6179161,-0.9531536
47.409974,-0.22589022,1.5202708,-1.0006323
47.439911,-0.28309405,1.4577842,-0.7883215
47.472962,-0.36785996,1.6592155,-1.144228
47.520112,-0.10568299,1.3223825,-1.3747082
47.58014,-0.18565339,1.1769681,-1.2888932
47.618165,-0.25676084,0.9695406,-1.3196402
47.651398,-0.11471078,0.9281254,-1.0410132
47.689972,-0.043594472,0.577158,-0.9828119
47.720856,-0.97057563,0.80956125,-1.0604568
47.760163,-0.5626222,0.38979244,-0.83673906
47.801301,-0.2990011,0.44919395,-0.4091506
47.840302,-0.15010805,0.29669762,-0.7271886
47.870118,-0.17646682,0.35549974,-0.24804497
47.900116,-0.29646224,0.36381102,-0.11411619
47.930207,-0.08927505,0.19598293,-0.17443275
47.960114,0.17074946,0.10782099,-0.10128927
47.990113,0.059397414,0.26023817,0.106250286
48.020081,0.051309824,0.18807888,0.12245703
48.050171,0.2401917,0.20282412,-0.010584354
48.090271,0.0917702,0.28787422,0.045572758
48.130188,0.17740117,0.033159733,-0.059573174
48.178956,0.12615372,0.19779587,-0.03833151
48.230072,0.10466756,0.14236498,-0.15596437
48.260193,0.043174595,0.18617392,-0.080242634
48.292603,-0.004049212,0.16449308,-0.24550676
48.330048,0.085615024,0.102962494,-0.20037413
48.359925,0.06910454,0.24760294,-0.042623997
48.390137,0.05554442,0.18910503,-0.031084538
48.420197,-0.03695053,0.049535275,-0.31644058
48.460083,-0.004164457,-0.18693161,-0.37866068
48.510499,0.11301083,0.05209446,-0.037599087
48.550232,-0.013174355,-0.19411707,-0.090512276
48.590241,0.44693524,-0.16075134,0.48316956
48.630433,0.523865,-0.39159155,0.46715593
48.670197,0.30919662,-0.4502144,0.52254534
48.710267,0.64327383,-0.5533109,0.6702843
48.750275,0.42049843,-0.33214808,0.5252762
48.780182,0.15240405,-0.4476323,0.57426834
48.820252,0.29318652,-0.48229027,0.62746763
48.850129,-0.028944228,-0.46132994,-0.34549236
48.891449,0.06674609,-0.5254879,1.1864524
48.932923,-0.010600776,-0.37950516,0.30326843
48.97342,-0.32256508,-0.3952012,0.5392008
49.010743,-0.8113832,0.008656502,0.15419006
49.052918,-0.6266628,-0.5696306,0.5480151
49.090271,-0.57248634,-0.09235668,0.13137579
49.136353,-0.4046047,-0.3544073,0.34358883
49.187409,0.08049483,-0.26502705,0.05432129
49.233857,-0.51705986,-0.030668259,0.19515991
49.272309,-0.25239006,-0.26527786,0.005174637
49.315278,0.1922958,-0.23095703,0.2865095
49.350708,0.09228031,-0.6230445,-0.20133495
49.390198,0.23688713,0.25056934,-0.029392242
49.440247,0.63470066,0.13351202,0.4476986
49.484681,0.44103545,0.053454876,0.02943039
49.520081,0.46481198,0.14227676,0.1704092
49.561158,0.2775145,0.083842754,0.118317604
49.600129,0.33570516,-0.079687595,-0.086091995
49.640259,0.31681797,-0.19637728,-0.18328285
49.68039,0.10475473,-0.28868484,-0.006959915
49.720246,0.23631373,-0.29641914,-0.12604523
49.759919,0.18408234,-0.3372426,0.01964283
49.790162,-0.049312267,-0.33065128,0.14203167
49.83014,-0.20563088,-0.5010376,0.024353027
49.875794,0.002552137,-0.46362114,-0.009103775
49.910828,-0.0794399,-0.23064137,0.4595356
49.940705,0.17285614,-0.023640633,0.65263367
49.980256,0.40673047,-0.62675285,0.49691105
50.020997,0.34394768,-0.3825121,-0.09346962
50.061554,0.56250906,-0.1387186,0.29765224
50.100953,0.3618439,-0.3194871,0.48970032
50.140198,0.61019593,-0.2718606,0.2415638
50.18042,0.14848524,0.085492134,0.39967918
